idno	translation	author-name	num-authors	author-gender	book-title	publ-ref	publ-decade	publisher	collection	subgenre	group	scifi	sentimental	policier	blanche
Allingham_Maison	yes	Allingham, Margery	1	female	La maison des morts étranges	1999	1990s	Le Masque	Romans d'aventures	policier	populaire	no	no	yes	no
Amila_Balcon	no	Amila, Jean	1	male	Balcon Hiroshima	1985	1980s	(unknown)	(unknown)	policier	populaire	no	no	yes	no
Andrevon_Cauchemar	no	Andrevon, Jean-Pierre	1	male	Cauchemar...chauchemars!	1982	1980s	J'ai lu	Science-Fiction et Fantastique	scifi	populaire	yes	no	no	no
Andrevon_Faudra	no	Andrevon, Jean-Pierre	1	male	Il faudra bien se résoudre à mourir seul	1983	1980s	Denoël	Présence du Futur	scifi	populaire	yes	no	no	no
Andrevon_Gandahar	no	Andrevon, Jean-Pierre 	1	male	Gandahar et l’oiseau-monde	1997	1990s	Hachette Livre	Vertige science-fiction	scifi	populaire	yes	no	no	no
Andrevon_Oreille	no	Andrevon, Jean-Pierre	1	male	L'oreille contre les murs	1980	1980s	Denoël	Présence du Futur	scifi	populaire	yes	no	no	no
Andrevon_Trace	no	Andrevon, Jean-Pierre	1	male	La trace des rêves	1988	1980s	J'ai lu	Science-Fiction et Fantastique	scifi	populaire	yes	no	no	no
Arnold_Prisonniers	yes	Arnold, Judith	1	female	Les prisonniers de l'orage	1990	1990s	Harlequin	Duo Harmonie	sentimental	populaire	no	yes	no	no
August_Question	yes	August, Elizabeth	1	female	Une question de confiance	1990	1990s	Harlequin	Duo Romance	sentimental	populaire	no	yes	no	no
Bachellerie_Ile	no	Bachellerie, Louise	1	female	L'île aux muettes	1985	1980s	Le Masque	Romans d'aventures	policier	populaire	no	no	yes	no
Bagwell_Deux	yes	Bagwell, Stella	1	female	Deux semaines de vacances	1989	1980s	Harlequin	Duo Romance	sentimental	populaire	no	yes	no	no
Baker_Veuve	yes	Baker, Fran	1	female	La veuve et l'or noir	1988	1980s	Presses de la Cité	Collection Passion	sentimental	populaire	no	yes	no	no
Barnard_Attachement	yes	Barnard, Robert	1	male	Attachement fatal	1995	1990s	Le Masque	Romans d'aventures	policier	populaire	no	no	yes	no
Barnes_Amoureuse	yes	Barnes, Elizabeth	1	female		1990	1990s	Harlequin	Collection Horizon	sentimental	populaire	no	yes	no	no
Barr_Feu	yes	Barr, Nevada	1	female	Le feu du ciel	1997	1990s	Le Masque	Romans d'aventures	policier	populaire	no	no	yes	no
Bataille_Valerie	no	Bataille, Thierry	1	male	Valérie	1987	1980s	Fleuve Noir	Femme Viva	sentimental	populaire	no	yes	no	no
BatailleG_Bleu	no	Bataille, Georges	1	male	Le bleu du ciel	1999	1990s	Gallimard	Collection l'imaginaire	blanche	blanche	no	no	no	yes
Beeding_Numero	yes	Beeding, Francis	1	female	Le numéro gagnant	1984	1980s	Le Masque	Romans d'aventures	policier	populaire	no	no	yes	no
Belfiore_Maitre	no	Belfiore, Robert 	1	male	Le maître de Juvenfa	1996	1990s	Hachette Livre	Vertige science-fiction	scifi	populaire	yes	no	no	no
Benacquista_Saga	no	Benacquista, Tonino	1	male	Saga	1999	1990s	Gallimard	Folio	blanche	blanche	no	no	no	yes
Berthelot_Rivage	no	Berthelot, Francis	1	male	Rivage des intouchables	1990	1990s	Denoël	Présence du Futur	scifi	populaire	yes	no	no	no
Bielski_Belles	no	Bielski, Nella	1	female	Si belles et fraîches étaient les roses	1980	1980s	Mercure de France	Folio	blanche	blanche	no	no	no	yes
Blackmon_Assassine	yes	Blackmon, Anita	1	female	On assassine au Richelieu	1988	1980s	Le Masque	Romans d'aventures	policier	populaire	no	no	yes	no
Blair_Eaux	yes	Blair, Kathryn	1	female	Eaux dangereuses	1990	1990s	Harlequin	Duo Harmonie	sentimental	populaire	no	yes	no	no
Blake_Salon	yes	Blake, Susan	1	female	Le salon de l'épouvante	1986	1980s	Hachette	Haute tension / Spectres	sentimental	populaire	no	yes	no	no
BoileauNarcejac_Poudriere	no	Boileau-Narcejac	2	male	La Poudrière	1987	1980s	(unknown)	(unknown)	policier	populaire	no	no	yes	no
Bon_Autoroute	no	Bon, François	1	male	Autoroute	1997	1990s	(unknown)	(unknown)	blanche	blanche	no	no	no	yes
Bon_Limite	no	Bon, François	1	male	Limite	1985	1980s	(unknown)	(unknown)	blanche	blanche	no	no	no	yes
Bon_Sortie	no	Bon, François	1	male	Sortie Usine	1982	1980s	(unknown)	(unknown)	blanche	blanche	no	no	no	yes
Bon_Temps	no	Bon, François	1	male	Temps Machine	1993	1990s	(unknown)	(unknown)	blanche	blanche	no	no	no	yes
Bond_Clameurs	yes	Bond, Evelyn	1	female	Les clameurs du passé	1987	1980s	Fleuve Noir	Tourmentes	sentimental	populaire	no	yes	no	no
Boswell_Amour	yes	Boswell, Barbara	1	female	L'amour à la une	1988	1980s	Presses de la Cité	Collection Passion	sentimental	populaire	no	yes	no	no
Bouchard_Astronef	no	Bouchard, Nicolas 	1	male	Astronef aux enchères	1999	1990s	Fleuve noir	SF space	scifi	populaire	yes	no	no	no
Boulanger_Confession	no	Boulanger, Daniel	1	male	La confession d'Omer	1991	1990s	Gallimard	Folio	blanche	blanche	no	no	no	yes
Bourin_Amours	no	Bourin, Jeanne	1	female	Les amours blessées	1987	1980s	Gallimard	Folio	blanche	blanche	no	no	no	yes
Bourin_Peregrines	no	Bourin, Jeanne	1	female	Les Pérégrines	1989	1980s	Gallimard	Folio	blanche	blanche	no	no	no	yes
Branch_Lion	yes	Branch, Pamela	1	female	Un lion dans la cave	1993	1990s	Le Masque	Romans d'aventures	policier	populaire	no	no	yes	no
Brandon_Fille	yes	Brandon, Joyce	1	female	La fille du bandit	1990	1990s	Harlequin	Grands Romans	sentimental	populaire	no	yes	no	no
Bruce_Trois	yes	Bruce, Leo	1	male	Trois détectives	1985	1980s	Le Masque	Romans d'aventures	policier	populaire	no	no	yes	no
Brunner_Chimeres	yes	Brunner, John	1	male	Les chimères de l'ombre	1982	1980s	Presses Pocket	Science-Fiction	scifi	populaire	yes	no	no	no
Brunner_Noire	yes	Brunner, John	1	male	Noire est la couleur	1984	1980s	Presses Pocket	Science-Fiction	scifi	populaire	yes	no	no	no
Brunner_Ville	yes	Brunner, John	1	male	La ville est un echiquier	1985	1980s	Presses Pocket	Science-Fiction	scifi	populaire	yes	no	no	no
Brussolo_Aussi	no	Brussolo, Serge	1	male	Aussi lourd que le vent	1981	1980s	Denoël	Présence du Futur	scifi	populaire	yes	no	no	no
Brussolo_Portrait	no	Brussolo, Serge	1	male	Portrait du diable en chapeau melon	1982	1980s	Denoël	Présence du Futur	scifi	populaire	yes	no	no	no
Bucheister_Deux	yes	Bucheister, Patt	1	female	Les deux routes	1988	1980s	Presses de la Cité	Collection Passion	sentimental	populaire	no	yes	no	no
Burton_Windspear	yes	Burton, Katherine	1	female	Windspear, monde enchanté	1989	1980s	Harlequin	Collection Or 	sentimental	populaire	no	yes	no	no
Cajio_Fil	yes	Cajio, Linda	1	female	Un fil de soie	1989	1980s	Presses de la Cité	Collection Passion	sentimental	populaire	no	yes	no	no
Calvez_Planete	no	Calvez, Jean-Michel	1	male	Planète des vents	1997	1990s	Fleuve Noir	SF space	scifi	populaire	yes	no	no	no
Camp_Irresistible	yes	Camp, Delayne	1	female	L'irrésistible M. Breedlove	1992	1990s	Harlequin	Duo Desir	sentimental	populaire	no	yes	no	no
Card_Enfants	yes	Card, Orson Scott	1	male	Les enfants de l'esprit	1996	1990s	J’ai lu	J'ai lu	scifi	populaire	yes	no	no	no
Card_Trilogie	yes	Card, Orson Scott	1	male	La trilogie d'Ender	1991	1990s	Éditions Robert Laffont	J'ai lu	scifi	populaire	yes	no	no	no
Cardinal_Grands	no	Cardinal, Marie	1	female	Les grands désordres	1987	1980s	Grasset		blanche	blanche	no	no	no	yes
Carr_Marie	yes	Carr, John Dickson	1	male	Le marié perd la tête	1985	1980s	Le Masque	Romans d'aventures	policier	populaire	no	no	yes	no
Carr_Pambazuko	yes	Carr, Eleni	1	female	Pambazuko	1990	1990s	Harlequin	Collection Or	sentimental	populaire	no	yes	no	no
Carr_Service	yes	Carr, John Dickson	1	male	Service des affaires inclassables	1988	1980s	Le Masque	Romans d'aventures	policier	populaire	no	no	yes	no
Carrere_Moustache	no	Carrère, Emmanuel	1	male	La moustache	1986	1980s	P.O.L	Folio	blanche	blanche	no	no	no	yes
Chance_Enquete	yes	Chance, Sara	1	female	Enquête sur une femme espion	1989	1980s	Harlequin	Rouge Passion	sentimental	populaire	no	yes	no	no
Cheng_Dit	no	Cheng, François	1	male	Le dit de Tian-yi	1998	1990s	Le Livre de Poche		blanche	blanche	no	no	no	yes
Chesbro_Bone	yes	Chesbro, George	1	male	Bone	1991	1990s	Rivages	Rivages/Noir	policier	populaire	no	no	yes	no
Clarinard_Cite	no	Clarinard, Raymond 	1	male	La cité sans mémoire	1998	1990s	Fleuve noir	SF space	scifi	populaire	yes	no	no	no
ClarinardOlliver_Ombre	no	Ollivier Mikael / Clarinard, Raymond 	2	male	L'ombre de Mars 	1997	1990s	Fleuve noir	SF space	scifi	populaire	yes	no	no	no
Clot_Enfant	no	Clot, René-Jean	1	male	L'Enfant halluciné	1987	1980s	Grasset		blanche	blanche	no	no	no	yes
Cody_Tete	yes	Cody, Liza	1	female	Sans la tête	1998	1990s	Le Masque	Romans d'aventures	policier	populaire	no	no	yes	no
Combescot_Filles	no	Combescot, Pierre	1	male	Les filles du Calvaire	1991	1990s	Grasset		blanche	blanche	no	no	no	yes
Cosse_Coin	no	Cossé, Laurence	1	male	Le coin du voile	1996	1990s	Gallimard	Folio	blanche	blanche	no	no	no	yes
Cosse_Femme	no	Cossé, Laurence	1	female	La femme du premier ministre	1998	1990s	Gallimard	Folio	blanche	blanche	no	no	no	yes
Crispin_Prelude	yes	Crispin, Edmund	1	male	Prélude et mort d'Isolde	1988	1980s	Le Masque	Romans d'aventures	policier	populaire	no	no	yes	no
Cross_Smiley	yes	Cross, Amanda	1	female	Sur les pas de Smiley	1997	1990s	Rivages	Rivages/Mystère	policier	populaire	no	no	yes	no
Curval_Habite	no	Curval, Philippe	1	male	Habite-t-on réellement quelque part?	1989	1980s	Denoël	Présence du Futur	scifi	populaire	yes	no	no	no
Curval_Jouer	no	Curval, Philippe	1	male	Comment jouer à l'homme invisible en trois lecons	1986	1980s	Denoël	Présence du Futur	scifi	populaire	yes	no	no	no
Curval_Odeur	no	Curval, Philippe	1	male	L'odeur de la bête	1981	1980s	Denoël	Présence du Futur	scifi	populaire	yes	no	no	no
Daeninckx_Geant	no	Daeninckx, Didier	1	male	Le Géant Inachevé	1984	1980s	(unknown)	(unknown)	policier	populaire	no	no	yes	no
Daeninckx_Metropolice	no	Daeninckx, Didier	1	male	Métropolice	1985	1980s	(unknown)	(unknown)	policier	populaire	no	no	yes	no
Daeninckx_Meurtres	no	Daeninckx, Didier	1	male	Meurtres pour mémoire	1984	1980s	(unknown)	(unknown)	policier	populaire	no	no	yes	no
Daeninckx_Mort	no	Daeninckx, Didier	1	male	Mort au Premier Tour	1997	1990s	(unknown)	(unknown)	policier	populaire	no	no	yes	no
Daeninckx_Nazis	no	Daeninckx, Didier	1	male	Nazis dans le Métro	1996	1990s	(unknown)	(unknown)	policier	populaire	no	no	yes	no
Dard_Alice	no	Dard, Frédéric	1	male	Alice aux Pays des Merguez	1986	1980s	(unknown)	(unknown)	policier	populaire	no	no	yes	no
Dark_Vampires	yes	Dark, Jason	1	male	Vampires en pire	1987	1980s	Hachette	Haute tension / Spectres	sentimental	populaire	no	yes	no	no
Darmon_Baisse	no	Darmon, Paule	1	female	Baisse les yeux, Sarah	1980	1980s	Grasset		blanche	blanche	no	no	no	yes
Deff_Psychopompes	no	Deff, Red	1	male	Les psychopompes de Klash	1990	1990s	Fleuve noir	Anticipation	scifi	populaire	yes	no	no	no
delCastillo_Rue	no	del Castillo, Michel	1	male	Rue des Archives	1996	1990s	Gallimard	Collection Folio	blanche	blanche	no	no	no	yes
Deon_Bagages	no	Déon, Michel	1	male	Bagages pour Vancouver. Mes arches de Noé	1985	1980s	Gallimard	Folio	blanche	blanche	no	no	no	yes
Deon_Montee	no	Déon, Michel	1	male	La montée du soir	1987	1980s	Gallimard		blanche	blanche	no	no	no	yes
Dessaint_Bouche	no	Dessaint, Pascal	1	male	Bouche d'ombre	1996	1990s	Rivages	Rivages/Noir	policier	populaire	no	no	yes	no
Didelot_Ombres	no	Didelot, Francis	1	male	Les ombres du parking	1980	1980s	Le Masque	Romans d'aventures	policier	populaire	no	no	yes	no
Djian_Sotos	no	Djian, Philippe	1	male	Sotos	1995	1990s	Gallimard	Collection Folio	blanche	populaire	no	no	no	yes
Dunyach_Voleurs	no	Dunyach, Jean-Claude	1	male	Voleurs de silence	1992	1990s	Fleuve noir	Anticipation	scifi	populaire	yes	no	no	no
Duras_Amant	no	Duras, Marguerite	1	female	L'Amant	1984	1980s	(unknown)	(unknown)	blanche	blanche	no	no	no	yes
Duras_Yeux	no	Duras, Marguerite	1	female	Les Yeux Bleus Cheveux Noirs	1986	1980s	(unknown)	(unknown)	blanche	blanche	no	no	no	yes
Echenoz_Equipee	no	Echenoz, Jean	1	male	L'Équipée	1986	1980s	(unknown)	(unknown)	blanche	blanche	no	no	no	yes
Ellis_Mais	yes	Ellis, Patricia	1	female	Mais qui est donc M. Chandler?	1990	1990s	Harlequin	Duo Romance	sentimental	populaire	no	yes	no	no
Ellroy_Part	yes	Ellroy, James	1	male	Ma part d'ombre	1999	1990s	Rivages	Rivages/Noir	policier	populaire	no	no	yes	no
Engels_Appel	yes	Engels, Mary Tate	1	female	L'appel du vent	1990	1990s	Harlequin	Duo Desir	sentimental	populaire	no	yes	no	no
Ernaux_Passion	no	Ernaux, Annie	1	female	Passion simple	1991	1990s	Gallimard	Collection Blanche	blanche	blanche	no	no	no	yes
Exbrayat_Pantoufles	no	Exbrayat, Charles	1	male	Mets tes pantoufles, Roméo	1983	1980s	Le Masque	Romans d'aventures	policier	populaire	no	no	yes	no
Facon_Compagnons	no	Facon, Roger	1	male	Les compagnons de la lune blême	1992	1990s	Fleuve noir	Anticipation	scifi	populaire	yes	no	no	no
Fair_Quitte	yes	Fair, A. A. (Erle Stanley Gardner)	1	male	Quitte ou double	1984	1980s	Le Masque	Romans d'aventures	policier	populaire	no	no	yes	no
Fajardie_Nuit	no	Fajardie, Frédéric H.	1	male	La nuit des Chats bottés	1993	1990s	La Table Ronde	La petite vermillon	policier	populaire	no	no	yes	no
Farmer_Odyssee	yes	Farmer, Philip José	1	male	L'odyssée verth	1982	1980s	Presses Pocket	Science-Fiction	scifi	populaire	yes	no	no	no
Fast_Crime	yes	Fast, Julius	1	male	Crime en blanc	1987	1980s	Le Masque	Romans d'aventures	policier	populaire	no	no	yes	no
Fayard_Chasseurs	no	Fayard, Colette	1	female	Les chasseurs au bord de la nuit	1989	1980s	Denoël	Présence du Futur	scifi	populaire	yes	no	no	no
Ferriere_Climat	no	Ferrière, Jean-Pierre	1	male	Un climat mortel	1983	1980s	Le Masque	Romans d'aventures	policier	populaire	no	no	yes	no
Ferval_Assassins	no	Ferval, Henri	1	male	Les assassins sont morts	1982	1980s	Le Masque	Romans d'aventures	policier	populaire	no	no	yes	no
Flanders_Nuit	yes	Flanders, Rebecca	1	female	Nuit de pleine lune	1996	1990s	Harlequin	Sixième Sens	sentimental	populaire	no	yes	no	no
Flanders_Trafiquants	yes	Flanders, Rebecca 	1	female	Les trafiquants de rêve	1996	1990s	Harlequin	Suspense	policier	populaire	no	no	yes	no
Flanders_Vertigo	yes	Flanders, Rebecca	1	female	Vertigo	1994	1990s	Harlequin	Sixième Sens	sentimental	populaire	no	yes	no	no
Forest_Disparue	yes	Forest, Regan	1	male	La disparue de Rosewood	1989	1980s	Harlequin	Duo Desir	sentimental	populaire	no	yes	no	no
Fraser_Fille	yes	Fraser, Alison	1	female	Fille de star	1990	1990s	Harlequin	Hors Série	sentimental	populaire	no	yes	no	no
Freeman_Trio	yes	Freeman, Austin	1	male	Un trio tragique	1997	1990s	Le Masque	Romans d'aventures	policier	populaire	no	no	yes	no
Gamble_Roman	yes	Gamble, M.L.	1	female	Le Roman de Sarah Winesong	1989	1980s	Harlequin	Duo Harmonie	sentimental	populaire	no	yes	no	no
Gascar_Regne	no	Gascar, Pierre	1	male	Le règne végétal	1981	1980s	Gallimard		blanche	blanche	no	no	no	yes
Genefort_Croises	no	Genefort, Laurent 	1	male	Les croisés du vide	1998	1990s	Fleuve noir	SF space	scifi	populaire	yes	no	no	no
Genefort_Engloutis	no	Genefort, Laurent 	1	male	Les engloutis	1999	1990s	Fleuve noir	SF space	scifi	populaire	yes	no	no	no
Genefort_Gueule	no	Genefort, Laurent 	1	male	Dans la gueule du dragon	1998	1990s	Fleuve noir	SF space	scifi	populaire	yes	no	no	no
Genefort_Sang	no	Genefort, Laurent 	1	male	Le sang des immortels	1997	1990s	Fleuve noir	SF space	scifi	populaire	yes	no	no	no
Germain_Eclats	no	Germain, Sylvie	1	female	Éclats de sel	1996	1990s	Gallimard	Collection Blanche	blanche	blanche	no	no	no	yes
Germain_Immensites	no	Germain, Sylvie	1	female	Immensités	1993	1990s	Gallimard	Collection Blanche	blanche	blanche	no	no	no	yes
Gide_Faux	no	Gide, André	1	male	Les faux-monnayeurs	1987	1980s	Gallimard	Collection Folio	blanche	blanche	no	no	no	yes
Giuducelli_Station	no	Giuducelli, Christian	1	male	Station balnéaire	1986	1980s	Gallimard	Collection Blanche	blanche	blanche	no	no	no	yes
Gladstone_Kelly	yes	Gladstone, Eve	1	female	Kelly ou la vraie vie	1992	1990s	Harlequin	Collection Or	sentimental	populaire	no	yes	no	no
Goldrick_Fugue	yes	Goldrick, Emma	1	female	Fugue dans les Caraïbes	1989	1980s	Harlequin	Azur	sentimental	populaire	no	yes	no	no
Gordon_Mariage	yes	Gordon, Lucy	1	female	Mariage à la carte	1990	1990s	Harlequin	Duo Romance	sentimental	populaire	no	yes	no	no
Grisolia_Petite	no	Grisolia, Michel	1	male	La petite amie du crime	1995	1990s	Le Masque	Romans d'aventures	policier	populaire	no	no	yes	no
Grisolia_Soeurs	no	Grisolia, Michel	1	male	Les sœurs du nord	1986	1980s	Le Masque	Romans d'aventures	policier	populaire	no	no	yes	no
Hansen_Mort	yes	Hansen, Joseph	1	male	Par qui la mort arrive	1986	1980s	Rivages	Rivages/Noir	policier	populaire	no	no	yes	no
Harper_Hors	yes	Harper, Madeline	1	female	Les hors-la-loi	1997	1990s	Harlequin	Suspense	policier	populaire	no	no	yes	no
Hayes_Legende	yes	Hayes, Leal	1	female	La légende des Highlands	1986	1980s	Fleuve Noir	Tourmentes	sentimental	populaire	no	yes	no	no
Heinlein_Age	yes	Heinlein, Robert A.	1	male	L'âge des étoiles	1981	1980s	Presses Pocket	Science-Fiction	scifi	populaire	yes	no	no	no
Heinlein_Route	yes	Heinlein, Robert A.	1	male	Route de la gloire	1982	1980s	Presses Pocket	Science-Fiction	scifi	populaire	yes	no	no	no
Heinlein_Vagabond	yes	Heinlein, Robert	1	male	Le vagabond de l'espace	1983	1980s	Presses Pocket	Science-Fiction	scifi	populaire	yes	no	no	no
HermaryVieille_Grand	no	Hermary-Vieille, Catherine	1	female	Le grand vizir de la nuit	1981	1980s	Gallimard	Folio	blanche	blanche	no	no	no	yes
HermaryVieille_Marquise	no	Hermary-Vieille, Catherine	1	female	La Marquise des Ombres	1983	1980s	Denoël	Folio	blanche	blanche	no	no	no	yes
Hooper_Chute	yes	Hooper, Kay	1	female	La chute de Lucas	1989	1980s	Presses de la Cité	Collection Passion	sentimental	populaire	no	yes	no	no
Hooper_Loi	yes	Hooper, Kay	1	female	La loi de Steele	1988	1980s	Presses de la Cité	Collection Passion	sentimental	populaire	no	yes	no	no
Houssin_Argentine	no	Houssin, Joël	1	male	Argentine	1989	1980s	Denoël	Présence du Futur	scifi	populaire	yes	no	no	no
Houssin_Temps	no	Houssin, Joël	1	male	Le temps du twist	1990	1990s	Denoël	Présence du Futur	scifi	populaire	yes	no	no	no
Howard_Montagne	yes	Howard, Linda	1	female	La montagne des Mackenzie	1989	1980s	Harlequin	Duo Harmonie	sentimental	populaire	no	yes	no	no
Irish_Manhattan	yes	Irish, William	1	male	Manhattan Love Song	1986	1980s	Rivages	Rivages/Noir	policier	populaire	no	no	yes	no
Izzo_Kheops	no	Izzo, Jean-Claude	1	male	Total Khéops	1995	1990s	(unknown)	(unknown)	policier	populaire	no	no	yes	no
JamesB_Pic	yes	James, B. J.	1	male	Le pic des ombres	1985	1980s	Presses de la Cité	Collection Passion	sentimental	populaire	no	yes	no	no
Jammet_Sylvie	no	Jammet, Céline	1	female	Sylvie	1987	1980s	Fleuve Noir	Femme Viva	sentimental	populaire	no	yes	no	no
Japrisot_Passion	no	Japrisot, Sébastian	1	male	La passion des femmes	1986	1980s	Gallimard	Folio	blanche	blanche	no	no	no	yes
Jardin_Autobiographie	no	Jardin, Alexandre	1	male	Autobiographie d'un amour	1999	1990s	Gallimard	Folio	blanche	blanche	no	no	no	yes
Jardin_Fanfan	no	Jardin, Alexandre	1	male	Fanfan	1996	1990s	Gallimard	Folio	blanche	blanche	no	no	no	yes
Jeffers_Irregulier	yes	Jeffers, Paul	1	male	Irrégulier, mon cher Morgan! (les fans de Sherlock Holmes)	1985	1980s	Le Masque	Romans d'aventures	policier	populaire	no	no	yes	no
Jeury_Croix	no	Jeury, Michel	1	male	La croix et la lionne	1986	1980s	J'ai lu	Science-Fiction et Fantastique	scifi	populaire	yes	no	no	no
Jeury_Demons	no	Jeury, Michel	1	male	Les demons de Jerusalem	1985	1980s	Presses Pocket	Science-Fiction	scifi	populaire	yes	no	no	no
Kallen_Greenfield	yes	Greenfield, Lucille	1	female	Greenfield connaît la musique	1986	1980s	Le Masque	Romans d'aventures	policier	populaire	no	no	yes	no
Kalmes_Meilleur	yes	Kalmes, Susan	1	female	Le meilleur des deux mondes	1989	1980s	Harlequin	Duo Romance	sentimental	populaire	no	yes	no	no
Kassak_Peur	no	Kassak, Fred	1	male	Qui a peur d'Ed Garpo?	1995	1990s	Le Masque	Romans d'aventures	policier	populaire	no	no	yes	no
Khadra_Automne	no	Khadra, Yasmina	1	male	Automne Chimeres	1998	1990s	(unknown)	(unknown)	policier	populaire	no	no	yes	no
Khadra_Loups	no	Khadra, Yasmina	1	male	À quoi Rêvent les Loups	1999	1990s	(unknown)	(unknown)	blanche	blanche	no	no	no	yes
Khadra_Revent	no	Khadra, Yasmina	1	male	À quoi Rêvent les Loups	1999	1990s	(unknown)	(unknown)	blanche	blanche	no	no	no	yes
Kidd_Promenade	yes	Kidd, Flora	1	female	Promenade au bord de l'Hudson	1989	1980s	Harlequin	Collection Horizon	sentimental	populaire	no	yes	no	no
Klein_Reve	no	Klein, Gérard	1	male	Le rêve des forêts	1987	1980s	J'ai lu	Science-Fiction et Fantastique	scifi	populaire	yes	no	no	no
Knight_Carnaval	yes	Knight, Alicia	1	female	La carnaval de l'angoisse	1998	1990s	Harlequin	Suspense	policier	populaire	no	no	yes	no
Krentz_Deesse	yes	Krentz, Jayne Ann	1	female	La déesse des bords du lac	1990	1990s	Harlequin	Duo Desir	sentimental	populaire	no	yes	no	no
Labro_Ete	no	Labro, Philippe	1	male	Un été dans l'Ouest	1988	1980s	Gallimard	Folio	blanche	blanche	no	no	no	yes
Labro_Etudiant	no	Labro, Philippe	1	male	L'étudiant étranger	1986	1980s	Gallimard	Folio	blanche	blanche	no	no	no	yes
Labro_Petit	no	Labro, Philippe	1	male	Le petit garçon	1990	1990s	Gallimard	Folio	blanche	blanche	no	no	no	yes
Lambert_Nuit	no	Lambert, Christophe	1	male	La nuit des mutants	1996	1990s	Hachette Livre	Science-fiction	scifi	populaire	yes	no	no	no
LeBussy_Djamol	no	Le Bussy, Alain 	1	male	Djamol de Kîv	1996	1990s	Fleuve Noir	Métal	scifi	populaire	yes	no	no	no
LeBussy_Equilibre	no	Le Bussy, Alain	1	male	Equilibre	1997	1990s	Fleuve Noir	SF space	scifi	populaire	yes	no	no	no
LeBussy_Jana	no	Le Bussy, Alain	1	male	Jana des couloirs	1996	1990s	Fleuve Noir	Métal	scifi	populaire	yes	no	no	no
LeBussy_Mendiant	no	Le Bussy, Alain	1	male	Le mendiant de Karnathok	1999	1990s	Fleuve Noir	SF space	scifi	populaire	yes	no	no	no
LeBussy_Nexus	no	Le Bussy, Alain	1	male	Nexus de feu	1998	1990s	Fleuve Noir	Sf metal	scifi	populaire	yes	no	no	no
LeBussy_Rork	no	Le Bussy, Alain	1	male	Rork des plaines	1995	1990s	Fleuve Noir	Métal	scifi	populaire	yes	no	no	no
LeBussy_Tremblemer	no	Le Bussy, Alain	1	male	Tremblemer	1993	1990s	Fleuve Noir	Space, univers infinis	scifi	populaire	yes	no	no	no
LeClezio_Chercheur	no	LeClezio, Jean-Marie	1	male	Chercheur Or	1985	1980s	(unknown)	(unknown)	blanche	blanche	no	no	no	yes
Lee_Maison	yes	Lee, Rachel	1	female	La maison ensorcelée	1994	1990s	Harlequin	Sixième Sens	sentimental	populaire	no	yes	no	no
Leigh_Duel	yes	Leigh, Roberta	1	female	Duel à Los Angeles	1981	1980s	Harlequin	Collection Azur	sentimental	populaire	no	yes	no	no
Lemaire_Peur	no	Lemaire, Jean-Francois	1	male	Peur sur l'asile	1996	1990s	Le Masque	Romans d'aventures	policier	populaire	no	no	yes	no
Leourier_Homme	no	Léourier, Christian	1	male	L'homme qui tua l'hiver	1986	1980s	J'ai lu	Science-Fiction et Fantastique	scifi	populaire	yes	no	no	no
Leourier_Racines	no	Léourier, Christian	1	male	Les racines de l'oubli	1988	1980s	J'ai lu	Science-Fiction et Fantastique	scifi	populaire	yes	no	no	no
Leourier_TiHarnog	no	Léourier, Christian	1	male	Ti-Harnog	1984	1980s	J'ai lu	Science-Fiction et Fantastique	scifi	populaire	yes	no	no	no
LewisThompson_Emeraude	yes	Lewis Thompson, Vicki	1	female	L'émeraude talisman	1989	1980s	Harlequin	Duo Desir	sentimental	populaire	no	yes	no	no
Ligny_Cyberkiller		Ligny, Jean-Marc	1	male	Cyberkiller	1993	1990s	Fleuve Noir	Anticipation	scifi	populaire	yes	no	no	no
Ligny_Dark	no	Ligny, Jean-Marc	1	male	D.a.r.k	1988	1980s	Denoël	Présence du Futur	scifi	populaire	yes	no	no	no
Ligny_Ete	no	Ligny, Jean-Marc	1	male	Un été à Zedong	1991	1990s	Presses de la Cité	Chroniques des nouveaux mondes	scifi	populaire	yes	no	no	no
Ligny_Furia	no	Ligny, Jean-Marc	1	male	Furia!	1982	1980s	Denoël	Présence du Futur	scifi	populaire	yes	no	no	no
Ligny_Rasalgethi	no	Ligny, Jean-Marc	1	male	Rasalgethi	1990	1990s	Fleuve Noir	Anticipation	scifi	populaire	yes	no	no	no
Long_Aucun	yes	Long, Manning	1	male	Aucun délai	1990	1990s	Le Masque	Romans d'aventures	policier	populaire	no	no	yes	no
Lovesey_Course	yes	Lovesey, Peter	1	male	La course ou la vie	1985	1980s	Le Masque	Romans d'aventures	policier	populaire	no	no	yes	no
Lowell_Espionne	yes	Lowell, Elizabeth	1	female	L'espionne du mandarin	1989	1980s	Harlequin	Grands Romans	sentimental	populaire	no	yes	no	no
Lyons_Ciel	yes	Lyons, Mary	1	female	Ciel de colère sur Antigua	1989	1980s	Harlequin	Azur	sentimental	populaire	no	yes	no	no
Macomber_Peur	yes	Macomber, Debbie	1	female	Qui a peur de J.D. Norris?	1989	1980s	Harlequin	Duo Romance	sentimental	populaire	no	yes	no	no
Macomber_Vie	yes	Macomber, Debbie	1	female	La vie privée d'un professeur	1990	1990s	Harlequin	Duo Romance	sentimental	populaire	no	yes	no	no
Magner_Grande	yes	Magner, Lee	1	female	La grande chasse de Foxgrove	1990	1990s	Harlequin	Duo Harmonie	sentimental	populaire	no	yes	no	no
Manchette_Iris	no	Manchette, Jean-Patrick	1	male	Iris. Kulturkampf	1997	1990s	(unknown)	(unknown)	policier	populaire	no	no	yes	no
Manchette_Position	no	Manchette, Jean-Patrick	1	male	La Position du Tireur couché	1981	1980s	(unknown)	(unknown)	policier	populaire	no	no	yes	no
Manchette_Princesse	no	Manchette, Jean-Patrick	1	male	La Princesse de Sang	1996	1990s	(unknown)	(unknown)	policier	populaire	no	no	yes	no
Manotti_Sombre	no	Manotti, Dominique	1	female	Sombre Sentier	1995	1990s	(unknown)	(unknown)	blanche	blanche	no	no	no	yes
Marceau_Oiseau	no	Marceau, Félicien	1	male	Un oiseau dans le ciel	1989	1980s	Gallimard	Folio	blanche	blanche	no	no	no	yes
Marceau_Passions	no	Marceau, Félicien	1	male	Les passions partagées	1987	1980s	Gallimard		blanche	blanche	no	no	no	yes
Martin_Belle	yes	Martin, Nancy	1	female	Une belle pour un cow-boy	1990	1990s	Harlequin	Rouge Passion	sentimental	populaire	no	yes	no	no
Martin_Deesse	yes	Martin, Nancy	1	female	La déesse de Kimi Lau	1991	1990s	Harlequin	Rouge Passion	sentimental	populaire	no	yes	no	no
MartinigolGrousset_Enfant	no	Martinigol, Danielle / Grousset, Alain	2	male	L'Enfant-mémoire	1996	1990s	Hachette Livre	Vertige science-fiction	scifi	populaire	yes	no	no	no
McDermid_Mauvais	yes	McDermid, Val	1	female	Mauvais signes	1998	1990s	Le Masque	Romans d'aventures	policier	populaire	no	no	yes	no
Millar_Femme	yes	Millar, Margaret	1	female	La femme de sa mort	1986	1980s	Le Masque	Romans d'aventures	policier	populaire	no	no	yes	no
MillerW_Foire	yes	Miller, Wade	1	male	La foire aux crimes	1984	1980s	Le Masque	Romans d'aventures	policier	populaire	no	no	yes	no
Modiano_Dimanches	no	Modiano, Patrick	1	male	Dimanches d'Août	1986	1980s	(unknown)	(unknown)	blanche	blanche	no	no	no	yes
Modiano_Fleurs	no	Modiano, Patrick	1	male	Fleurs de Ruine	1991	1990s	(unknown)	(unknown)	blanche	blanche	no	no	no	yes
Modiano_Inconnues	no	Modiano, Patrick	1	male	Des Inconnues	1999	1990s	(unknown)	(unknown)	blanche	blanche	no	no	no	yes
Modiano_Loin	no	Modiano, Patrick	1	male	Du Plus Loin de l'Oubli	1996	1990s	(unknown)	(unknown)	blanche	blanche	no	no	no	yes
Modiano_Quartier	no	Modiano, Patrick	1	male	Quartier Perdu	1984	1980s	(unknown)	(unknown)	blanche	blanche	no	no	no	yes
Modiano_Remise	no	Modiano, Patrick	1	male	Remise de Peine	1988	1980s	(unknown)	(unknown)	blanche	blanche	no	no	no	yes
Modiano_Vestiaire	no	Modiano, Patrick	1	male	Vestiaire de l'enfance	1989	1980s	(unknown)	(unknown)	blanche	blanche	no	no	no	yes
Myers_Gold	yes	Myers, Helen R.	1	female	Gold'n Hart Café	1989	1980s	Harlequin	Duo Romance	sentimental	populaire	no	yes	no	no
Narcejac_Mort	no	Narcejac, Thomas	1	male	La mort est du voyage	1983	1980s	Le Masque	Romans d'aventures	policier	populaire	no	no	yes	no
Nathan_Dieu	no	Nathan, Tobie	1	male	Dieu-Dope	1995	1990s	Rivages	Rivages/Noir	policier	populaire	no	no	yes	no
Netter_Maitre	yes	Netter, Susan	1	female	Le maítre de l'orage	1986	1980s	Hachette	Haute tension / Spectres	sentimental	populaire	no	yes	no	no
Nothomb_Attentat	no	Nothomb, Amélie	1	female	Attentat	1997	1990s	(unknown)	(unknown)	blanche	blanche	no	no	no	yes
Nothomb_Catilinaires	no	Nothomb, Amélie	1	female	Les Catilinaires	1995	1990s	(unknown)	(unknown)	blanche	blanche	no	no	no	yes
Nothomb_Hygiene	no	Nothomb, Amélie	1	female	Hygiène de l'Assassin	1992	1990s	(unknown)	(unknown)	blanche	blanche	no	no	no	yes
Nothomb_Peplum	no	Nothomb, Amélie	1	female	Peplum	1996	1990s	(unknown)	(unknown)	blanche	blanche	no	no	no	yes
Oldfield_Amour	yes	Oldfield, Elizabeth	1	female	L'Amour en otage	1990	1990s	Harlequin	Collection Horizon	sentimental	populaire	no	yes	no	no
Pace_Mystere	yes	Pace, Laurel	1	male	Le mystère Borodine	1996	1990s	Harlequin	Suspense	policier	populaire	no	no	yes	no
Pagel_Cineterre	no	Pagel, Michel	1	male	Cinéterre	1998	1990s	Fleuve Noir	Sf metal	scifi	populaire	yes	no	no	no
Pappano_Adriana	yes	Pappano, Marylin	1	female	Adriana ou le bel été	1990	1990s	Harlequin	Duo Harmonie	sentimental	populaire	no	yes	no	no
Pecherot_Tiurai	no	Pécherot, Patrick	1	male	Tiurai	1996	1990s	(unknown)	(unknown)	blanche	blanche	no	no	no	yes
Pelot_Jour	no	Pelot, Pierre	1	male	Le Jour de l'Enfant Tueur	1999	1990s	(unknown)	(unknown)	policier	populaire	no	no	yes	no
Pelot_Messager	no	Pelot, Pierre	1	male	Messager des tempêtes lointaines 	1996	1990s	Denoël	Présence du futur	scifi	populaire	yes	no	no	no
Pendleton_Jouez	yes	Pendleton, Grace	1	female	Jouez pour moi, Anna	1990	1990s	Harlequin	Collection Horizon	sentimental	populaire	no	yes	no	no
Pennac_Bonheur	no	Pennac, Daniel	1	male	Malaussene 1 Bonheur Ogres	1985	1980s	(unknown)	(unknown)	policier	populaire	no	no	yes	no
Pennac_Fee	no	Pennac, Daniel	1	male	Malaussene 2 Fee Carabine	1987	1980s	(unknown)	(unknown)	policier	populaire	no	no	yes	no
Pennac_Monsieur	no	Pennac, Daniel	1	male	Malaussene 4 Monsieur M	1995	1990s	(unknown)	(unknown)	policier	populaire	no	no	yes	no
Pennac_Petite	no	Pennac, Daniel	1	male	La petite marchande de prose	1989	1980s	Gallimard	Folio	blanche	blanche	no	no	no	yes
Peters_Amulette	yes	Peters, Sue	1	female	L'amulette de jade	1982	1980s	Harlequin	Collection	sentimental	populaire	no	yes	no	no
Pohl_Promenade	yes	Pohl, Frédérik	1	male	La promenade de l'ivrogne	1981	1980s	Presses Pocket	Science-Fiction	scifi	populaire	yes	no	no	no
Pouy_Chasse	no	Pouy, Jean-Bernard	1	male	La Chasse au Tatou dans la pampa argentine	1993	1990s	(unknown)	(unknown)	policier	populaire	no	no	yes	no
Pouy_Larchmutz	no	Pouy, Jean-Bernard	1	male	Larchmütz 5632	1999	1990s	(unknown)	(unknown)	policier	populaire	no	no	yes	no
Pouy_Petite	no	Pouy, Jean-Bernard	1	male	Le Petite Écuyère a cafté	1995	1990s	(unknown)	(unknown)	policier	populaire	no	no	yes	no
Pouy_Sec	no	Pouy, Jean-Bernard	1	male	À Sec ! (Spinoza encule Hegel, le retour)	1998	1990s	(unknown)	(unknown)	blanche	blanche	no	no	no	yes
Radley_Coups	yes	Radley_Sheila	1	female	À tous les coups l'on perd	1991	1990s	Le Masque	Romans d'aventures	policier	populaire	no	no	yes	no
Ranne_Chute		Ranne, G. Elton	1	male	Chute libre	1997	1990s	Fleuve Noir	SF polar	scifi	populaire	yes	no	no	no
Ravey_Bureau	no	Ravey, Yves	1	male	Bureau des Illettres	1992	1990s	(unknown)	(unknown)	blanche	blanche	no	no	no	yes
Ray_Malpertuis	no	Ray, Jean	1	male	Malpertuis, Histoire d'une maison fantastique	1984	1980s	J'ai lu	Science-Fiction et Fantastique	scifi	populaire	yes	no	no	no
Rendell_Fille	yes	Rendell, Ruth	1	female	Une fille dans un caveau	1986	1980s	Le Masque	Romans d'aventures	policier	populaire	no	no	yes	no
Renford_Plus	no	Renford, Philippe 	1	male	Plus proche que vous ne pensez	1997	1990s	Fleuve Noir	SF métal	scifi	populaire	yes	no	no	no
RobbeGrillet_NN	no	Robbe-Grillet, Alain	1	male	Djinn, Un trou rouge entre les pavés disjoints	1981	1980s	(unknown)	(unknown)	blanche	blanche	no	no	no	yes
RobertsD_Scorpion	yes	Roberts, Doreen	1	female	Le scorpion de jade	1989	1980s	Harlequin	Duo Harmonie	sentimental	populaire	no	yes	no	no
Rodgers_Assassin	yes	Rodgers, M.J.	1	female	L'assassin sans visage	1996	1990s	Harlequin	Suspense	policier	populaire	no	no	yes	no
Rolin_Cyrille	no	Rolin, Jean	1	male	Cyrille et méthode	1994	1990s	Gallimard	Collection Blanche	blanche	blanche	no	no	no	yes
Rolin_Deux	no	Rolin, Dominique	1	female	Deux femmes un soir	1992	1990s	Gallimard	Folio	blanche	blanche	no	no	no	yes
Rosemoor_Pari	yes	Rosemoor, Patricia	1	female	Pari sur la vie	1996	1990s	Harlequin	Suspense	policier	populaire	no	no	yes	no
RossJ_Morte	yes	Ross, Jonathan	1	male	Une petite morte bien rangée	1984	1980s	Le Masque	Romans d'aventures	policier	populaire	no	no	yes	no
RossJo_Rock	yes	Ross, JoAnn	1	female	Red Rock Café	1989	1980s	Harlequin	Duo Desir	sentimental	populaire	no	yes	no	no
Roth_Amour	yes	Roth, Pamela	1	female	L'amour aux mille visages	1990	1990s	Harlequin	Duo Desir	sentimental	populaire	no	yes	no	no
Ryan_Etrange	yes	Ryan, Jenna	1	female	Étrange rôle pour Sara	1988	1980s	Harlequin	Collection Horizon	sentimental	populaire	no	yes	no	no
Ryck_Autobiographie	no	Ryck, Francis	1	male	Autobiographie Tueur	1987	1980s	(unknown)	(unknown)	policier	populaire	no	no	yes	no
Ryck_Piege	no	Ryck, Francis	1	male	Piege	1981	1980s	(unknown)	(unknown)	policier	populaire	no	no	yes	no
Sarraute_Portrait	no	Sarraute, Nathalie	1	female	Portrait d'un inconnu	1995	1990s	Gallimard	Collection Folio	blanche	blanche	no	no	no	yes
Schulze_Roses	yes	Schulze, Dallas	1	female	Les roses d'avant-saison	1990	1990s	Harlequin	Duo Harmonie	sentimental	populaire	no	yes	no	no
Seger_Souvenir	yes 	Seger, Maura	1	female	Le souvenir de nous	1990	1990s	Harlequin	Duo Harmonie	sentimental	populaire	no	yes	no	no
Shayne_Voyageur	yes	Shayne, Maggie	1	female	Le voyageur du temps	1996	1990s	Harlequin	Sixième Sens	sentimental	populaire	no	yes	no	no
Silverberg_Deserteurs	yes	Silverberg, Robert	1	male	Les déserteurs temporels	1986	1980s	Presses Pocket	Science-Fiction	scifi	populaire	yes	no	no	no
Silverberg_Guetteurs	yes	Silverberg, Robert	1	male	Les guetteurs des étoiles	1987	1980s	Presses Pocket	Science-Fiction	scifi	populaire	yes	no	no	no
Silverberg_Revivre	yes	Silverberg, Robert	1	male	Revivre encore	1984	1980s	Presses Pocket	Science-Fiction	scifi	populaire	yes	no	no	no
Silverwood_Maison	yes	Silverwood, Jane	1	female	La maison de l'angoisse	1996	1990s	Harlequin	Suspense	policier	populaire	no	no	yes	no
Simon_Derive	no	Simon, Yves	1	male	La Dérive des sentiments	1991	1990s	Grasset		blanche	blanche	no	no	no	yes
Simon_Georgiques	no	Simon, Claude	1	male	Les Géorgiques	1981	1980s	(unknown)	(unknown)	blanche	blanche	no	no	no	yes
Simon_Prochain	no	Simon, Yves	1	male	Le prochain amour	1996	1990s	Grasset		blanche	blanche	no	no	no	yes
Siniac_Aime	no	Siniac, Pierre	1	male	Aime le maudit	1991	1990s	Le Masque	Romans d'aventures	policier	populaire	no	no	yes	no
SmithR_Coeur	yes	Smith, Ruth Alana	1	female	De ton cœur à mon cœur	1992	1990s	Harlequin	Collection Or	sentimental	populaire	no	yes	no	no
Sollers_Femmes	no	Sollers, Philippe	1	male	Femmes	1984	1980s	Gallimard	Collection Folio	blanche	blanche	no	no	no	yes
Sommers_Etrange	yes	Sommers, Beverly	1	female	Etrange histoire d'amour	1990	1990s	Harlequin	Duo Harmonie	sentimental	populaire	no	yes	no	no
Sommers_Professeur	yes	Sommers, Beverly	1	female	Le professeur est amoureux	1990	1990s	Harlequin	Duo Harmonie	sentimental	populaire	no	yes	no	no
Spencer_Epouse	yes	Spencer, Candace	1	female	Une épouse romantique	1991	1990s	Harlequin	Rouge Passion	sentimental	populaire	no	yes	no	no
Spinrad_Chants	yes	Spinrad, Norman	1	male	Chants des étoiles	1988	1980s	Presses Pocket	Science-Fiction	scifi	populaire	yes	no	no	no
Spinrad_Miroirs	yes	Spinrad, Norman	1	male	Les miroirs de l'esprit	1986	1980s	Presses Pocket	Science-Fiction	scifi	populaire	yes	no	no	no
Stagge_Chansonnette	yes	Stagge, Jonathan	1	male	Chansonnette funèbre	1984	1980s	Le Masque	Romans d'aventures	policier	populaire	no	no	yes	no
Steeman_Morte	no	Steeman, Stanislas-André	1	male	La morte survit au 13	1985	1980s	Le Masque	Romans d'aventures	policier	populaire	no	no	yes	no
Stephens_Ciel	yes	Stephens, Jeanne	1	female	Comme un ciel d'orage	1990	1990s	Harlequin	Duo Harmonie	sentimental	populaire	no	yes	no	no
StevensA_Nuit	yes	Stevens, Amanda	1	female	La septième nuit	1994	1990s	Harlequin	Sixième Sens	sentimental	populaire	no	yes	no	no
Stewardson_Jours	yes	Stewardson, Dawn	1	female	Quelques jours pour aimer	1991	1990s	Harlequin	Collection Or	sentimental	populaire	no	yes	no	no
Stewardson_Ombre	yes	Stewardson, Dawn	1	female	L'ombre de la lune bleue	1990	1990s	Harlequin	Collection Or	sentimental	populaire	no	yes	no	no
Tessarech_Machine	no	Tessarech, Bruno	1	male	La machine à écrire	1996	1990s	Gallimard	Folio	blanche	blanche	no	no	no	yes
ThomasL_Crimes	no	Thomas, Louis C.	1	male	Crimes avec préméditation	1993	1990s	Le Masque	Romans d'aventures	policier	populaire	no	no	yes	no
Thomson_Peche	yes	Thomson, June	1	female	Péché mortel	1984	1980s	Le Masque	Romans d'aventures	policier	populaire	no	no	yes	no
Toombs_Fantome	yes	Toombs, Jane 	1	female	Le fantôme de la dame en blanc	1995	1990s	Harlequin	Sixième Sens	sentimental	populaire	no	yes	no	no
Tornielle_Lina	no	Tornielle, Camille	1	female	Lina	1987	1980s	Fleuve Noir	Femme Viva	sentimental	populaire	no	yes	no	no
Tournier_Gaspard	no	Tournier, Michel	1	male	Gaspard	1980	1980s	(unknown)	(unknown)	blanche	blanche	no	no	no	yes
Tournier_Goutte	no	Tournier, Michel	1	male	Goutte Or	1985	1980s	(unknown)	(unknown)	blanche	blanche	no	no	no	yes
Toussaint_Monsieur	no	Toussaint, Jean-Philippe	1	male	Monsieur	1986	1980s	(unknown)	(unknown)	blanche	blanche	no	no	no	yes
Toussaint_Salle	no	Toussaint, Jean-Philippe	1	male	Salle Bain	1985	1980s	(unknown)	(unknown)	blanche	blanche	no	no	no	yes
Traverso_Voyoutes	no	Traverso, Frédérique	1	female	Les Voyoutes	1998	1990s	Grasset		blanche	blanche	no	no	no	yes
Trouillot_Rue	no	Trouillot, Lyonel	1	male	Rue des Pas-Perdus	1998	1990s	Actes Sud	Babel	blanche	blanche	no	no	no	yes
Valetti_Labyrinth		Valetti, Oscar	1	male	Labyrinth-jungle	1992	1990s	Fleuve Noir	Anticipation	scifi	populaire	yes	no	no	no
VanDeWetering_Massacre	yes	van de Wetering, Janwillem	1	male	Le Massacre du Maine	1988	1980s	Rivages	Rivages/Noir	policier	populaire	no	no	yes	no
Vargas_Armee	no	Vargas, Fred	1	female	L'Armée Furieuse	1996	1990s	(unknown)	(unknown)	policier	populaire	no	no	yes	no
Vautrin_Grand	no	Vautrin, Jean	1	male	Un grand pas vers le Bon Dieu	1989	1980s	Grasset		blanche	blanche	no	no	no	yes
Veinstein_Accordeur	no	Veinstein, Alain	1	male	L'accordeur	1996	1990s	Gallimard	Folio	blanche	blanche	no	no	no	yes
Venisse_Troisieme	no	Venisse, Alain	1	male	Troisième galaxie au fond du placard	1998	1990s	Hachette Livre	Vertige science-fiction	scifi	populaire	yes	no	no	no
Verdet_Veronique	no	Verdet, Isabelle	1	female	Véronique	1987	1980s	Fleuve Noir	Femme Viva	sentimental	populaire	no	yes	no	no
Verteuil_Machination	no	Verteuil, Philippe	1	male	Machination au troisième degré	1981	1980s	Le Masque	Romans d'aventures	policier	populaire	no	no	yes	no
Viel_Black	no	Viel, Tanguy	1	male	Le Black Note	1998	1990s	(unknown)	(unknown)	blanche	blanche	no	no	no	yes
Vila_Boulevard	no	Vilà, Christian	1	male	Boulevard de l'infini	1999	1990s	Fleuve Noir	SF métal	scifi	populaire	yes	no	no	no
Vila_Iceflyer	no	Vilà, Christian	1	male	Iceflyer	1997	1990s	Fleuve Noir	SF métal	scifi	populaire	yes	no	no	no
Vila_X	no	Vilà, Christian	1	male	X	1998	1990s	Fleuve Noir	SF mystère	scifi	populaire	yes	no	no	no
Volkoff_Guerre	no	Volkoff, Vladimir	1	male	La guerre des pieuvres	1983	1980s	Presses Pocket	Science-Fiction	scifi	populaire	yes	no	no	no
Volkoff_Metro	no	Volkoff, Vladimir	1	male	Métro pour l'enfer	1981	1980s	Presses Pocket	Science-Fiction	scifi	populaire	yes	no	no	no
Volkoff_Tire	no	Volkoff, Vladimir	1	male	Le tire-bouchon du bon dieu	1982	1980s	Presses Pocket	Science-Fiction	scifi	populaire	yes	no	no	no
Vonarburg_Silence	no	Vonarburg, Elisabeth	1	female	Le silence de la cité	1981	1980s	Denoël	Présence du Futur	scifi	populaire	yes	no	no	no
Wagner_Balle	no	Wagner, Roland C.	1	male	La Balle du néant : suivi de Les ravisseurs quantiques (Les futurs mystères de Paris)	1996	1990s	Fleuve Noir	Les futurs mystères de Paris	scifi	populaire	yes	no	no	no
Wagner_Ravisseurs	no	Wagner, Roland C.	1	male	Les ravisseurs quantiques	1996	1990s	Fleuve Noir	Les futurs mystères de Paris	scifi	populaire	yes	no	no	no
Walker_Pirate	yes	Walker, Kate	1	female	Le pirate de Highcliff	1988	1980s	Harlequin	Collection Azur	sentimental	populaire	no	yes	no	no
Ward_Rencontre	yes	Ward, Lynda	1	female	Rencontre au Crépuscule	1990	1990s	Harlequin	Collection Or	sentimental	populaire	no	yes	no	no
Westlake_Couperet	yes	Westlake, Donald	1	male	Le couperet	1998	1990s	Rivages	Rivages/Noir	policier	populaire	no	no	yes	no
Weyergans_Radeau	no	Weyergans, François	1	male	Le Radeau de la Méduse	1983	1980s	Gallimard	Folio	blanche	blanche	no	no	no	yes
Weyergans_Vie	no	Weyergans, François	1	male	La vie d'un bébé	1986	1980s	Gallimard	Folio	blanche	blanche	no	no	no	yes
Wilkins_Cheri	yes	Wilkins, Gina	1	female	Le chéri de Merry	1990	1990s	Harlequin	Duo Desir	sentimental	populaire	no	yes	no	no
Williams_Appel	yes	Williams, Ann	1	female	L'appel du futur	1995	1990s	Harlequin	Sixième Sens	sentimental	populaire	no	yes	no	no
Wintrebert_Chromoville	no	Wintrebert, Joëlle	1	female	Chromoville	1984	1980s	J'ai lu	Science-Fiction et Fantastique	scifi	populaire	yes	no	no	no
Wintrebert_MaitresFeu	no	Wintrebert, Joëlle	1	female	Les maîtres-feu	1983	1980s	J'ai lu	Science-Fiction et Fantastique	scifi	populaire	yes	no	no	no
YoungB_Rose	yes	Young, Brittany	1	female	La rose du Kremlin	1989	1980s	Harlequin	Duo Romance	sentimental	populaire	no	yes	no	no
YoungB_Soeurs	yes	Young, Brittany	1	female	Les soeurs de l'orage	1989	1980s	Harlequin	Duo Romance	sentimental	populaire	no	yes	no	no
YoungK_Lien	yes	Young, Karen	1	female	Lien de coeur	1990	1990s	Harlequin	Collection Or	sentimental	populaire	no	yes	no	no
YoungK_Maison	yes	Young, Karen	1	female	Dans la maison du lac	1989	1980s	Harlequin	Collection Or	sentimental	populaire	no	yes	no	no
Zelazny_Enfant	yes	Zelazny, Roger	1	male	L'enfant tombé de nulle part	1980	1980s	Presses Pocket	Science-Fiction	scifi	populaire	yes	no	no	no
Ziegler_Monstre	yes	Ziegler, Thomas	1	male	Un monstre à bord	1988	1980s	Hachette	Haute tension / Spectres	sentimental	populaire	no	yes	no	no
